HumanRec,MachineRec,AvgRec,Acc,Precision,Recall,F1
14.601683039183053,91.11068418760735,52.85618361339517,0.5294471153846154,0.5606303418803419,0.14601683039183053,0.22038351605659295
